crop,variety,season,duration_days,sowing_window_start,sowing_window_end,water_need,recommended_n_kg_ha,seed_cost_rs_per_ha,other_cost_rs_per_ha,states,source
paddy,BPT 5204 (Samba Mahsuri),kharif,148,06-20,08-10,high,120,3500,58000,Andhra Pradesh,"ANGRAU variety notes (duration, N); costs are rough estimates - replace with CACP data"
paddy,MTU 7029 (Swarna),kharif,150,06-15,08-05,high,120,3000,56000,Andhra Pradesh,"ANGRAU variety notes (duration, N); costs are rough estimates - replace with CACP data"
paddy,MTU 1061 (Indra),kharif,145,06-20,08-10,high,120,3000,56000,Andhra Pradesh,"ANGRAU variety notes (duration, N); costs are rough estimates - replace with CACP data"
paddy,MTU 1010 (Cottondora Sannalu),rabi,125,12-01,01-15,high,150,3000,60000,Andhra Pradesh,"ANGRAU variety notes (duration, N); costs are rough estimates - replace with CACP data"
paddy,NLR 34449 (Nellore Mahsuri),rabi,125,12-01,01-15,high,150,3200,60000,Andhra Pradesh,"ANGRAU variety notes (duration, N); costs are rough estimates - replace with CACP data"
maize,Hybrid (medium duration),rabi,115,10-15,11-30,medium,200,7500,52000,Andhra Pradesh,"ANGRAU package of practices (duration, N); costs are rough estimates - replace with CACP data"
maize,Hybrid (medium duration),kharif,105,06-15,07-31,medium,180,7500,48000,Andhra Pradesh,"ANGRAU package of practices (duration, N); costs are rough estimates - replace with CACP data"
cotton,Bt hybrid,kharif,170,06-01,07-15,medium,150,3600,68000,Andhra Pradesh,"ANGRAU package of practices (duration, N); costs are rough estimates - replace with CACP data"
pulses,Black gram LBG 752,rabi,78,11-15,12-31,low,20,2800,22000,Andhra Pradesh,"ANGRAU variety notes (rice-fallow); costs are rough estimates - replace with CACP data"
pulses,Black gram PU 31,rabi,72,11-15,12-31,low,20,2800,22000,Andhra Pradesh,"ANGRAU variety notes (rice-fallow); costs are rough estimates - replace with CACP data"
pulses,Green gram LGG 460,rabi,67,11-15,12-31,low,20,2600,21000,Andhra Pradesh,"ANGRAU variety notes (rice-fallow); costs are rough estimates - replace with CACP data"
pulses,Green gram LGG 460,zaid,65,02-15,03-31,low,20,2600,21000,Andhra Pradesh,"ANGRAU variety notes; costs are rough estimates - replace with CACP data"
chilli,LCA 334 (Guntur Sannam),kharif,200,08-01,09-30,medium,240,12000,140000,Andhra Pradesh,"ANGRAU package of practices (duration, N); costs are rough estimates - replace with CACP data"
sugarcane,Co 86032,zaid,360,01-01,03-15,high,224,25000,110000,Andhra Pradesh,"ANGRAU package of practices (duration, N); costs are rough estimates - replace with CACP data"
